country_1,country_2,country_3,country_4,collaboration_emissions,technology_cost,technology_name
MY,BN,,,4.882640155879004e-07,0.08541735107807027,RE_PV_Openfield_Lim_[BN]
MY,BN,,,4.882640155879004e-07,0.008295011056731456,RE_PV_Rooftop_Lim_[BN]
MY,BN,,,4.882640155879004e-07,0.0,RE_WIND_Onshore_Lim_0_[BN]
MY,BN,,,4.882640155879004e-07,0.0,RE_WIND_Onshore_Lim_1_[BN]
MY,BN,,,4.882640155879004e-07,0.0,RE_WIND_Onshore_Lim_2_[BN]
MY,BN,,,4.882640155879004e-07,5.0232577681607656e-08,RE_WIND_Onshore_Lim_3_[BN]
MY,BN,,,4.882640155879004e-07,0.024178846854088113,RE_WIND_Onshore_Lim_4_[BN]
MY,BN,,,4.882640155879004e-07,0.0,RE_WIND_Onshore_Lim_5_[BN]
MY,BN,,,4.882640155879004e-07,0.0,RE_WIND_Onshore_Lim_6_[BN]
MY,BN,,,4.882640155879004e-07,0.0,RE_WIND_Onshore_Lim_7_[BN]
MY,BN,,,4.882640155879004e-07,0.0,RE_WIND_Onshore_Lim_8_[BN]
MY,BN,,,4.882640155879004e-07,0.0,RE_WIND_Onshore_Lim_9_[BN]
MY,BN,,,4.882640155879004e-07,0.3554814589814375,RE_WIND_Offshore_Lim_0_[BN]
MY,BN,,,4.882640155879004e-07,0.0,RE_WIND_Offshore_Lim_1_[BN]
MY,BN,,,4.882640155879004e-07,0.0,RE_WIND_Offshore_Lim_2_[BN]
MY,BN,,,4.882640155879004e-07,0.0,RE_WIND_Offshore_Lim_3_[BN]
MY,BN,,,4.882640155879004e-07,0.0,RE_WIND_Offshore_Lim_4_[BN]
MY,BN,,,4.882640155879004e-07,0.0,RE_WIND_Offshore_Lim_5_[BN]
MY,BN,,,4.882640155879004e-07,0.0,RE_WIND_Offshore_Lim_6_[BN]
MY,BN,,,4.882640155879004e-07,0.0,RE_WIND_Offshore_Lim_7_[BN]
MY,BN,,,4.882640155879004e-07,0.0,RE_WIND_Offshore_Lim_8_[BN]
MY,BN,,,4.882640155879004e-07,0.0,RE_WIND_Offshore_Lim_9_[BN]
MY,BN,,,4.882640155879004e-07,0.0,HYDRO_[BN]
MY,BN,,,4.882640155879004e-07,0.0,PP_CO2_[BN]
MY,BN,,,4.882640155879004e-07,0.2384789077233065,BESS_[BN]
MY,BN,,,4.882640155879004e-07,0.0013785634878338644,EL_to_HTH_[BN]
MY,BN,,,4.882640155879004e-07,0.047657971819945945,EL_to_NH3_[BN]
MY,BN,,,4.882640155879004e-07,0.15388934725853606,NH3_Storage_[BN]
MY,BN,,,4.882640155879004e-07,0.005920335337828661,NH3_to_EL_[BN]
MY,BN,,,4.882640155879004e-07,0.0003911238583606711,NH3_to_HTH_[BN]
MY,BN,,,4.882640155879004e-07,4.51483648540061e-08,FF_to_HTH_[BN]
MY,BN,,,4.882640155879004e-07,0.0,EL_Demand_[BN]
MY,BN,,,4.882640155879004e-07,0.0,HTH_Demand_[BN]
MY,BN,,,4.882640155879004e-07,3.253946445552735,RE_PV_Openfield_Lim_[MY]
MY,BN,,,4.882640155879004e-07,3.8581364424312043e-11,RE_PV_Rooftop_Lim_[MY]
MY,BN,,,4.882640155879004e-07,2.487243617188317,RE_WIND_Onshore_Lim_0_[MY]
MY,BN,,,4.882640155879004e-07,0.0,RE_WIND_Onshore_Lim_1_[MY]
MY,BN,,,4.882640155879004e-07,0.0,RE_WIND_Onshore_Lim_2_[MY]
MY,BN,,,4.882640155879004e-07,0.0,RE_WIND_Onshore_Lim_3_[MY]
MY,BN,,,4.882640155879004e-07,0.0,RE_WIND_Onshore_Lim_4_[MY]
MY,BN,,,4.882640155879004e-07,0.0,RE_WIND_Onshore_Lim_5_[MY]
MY,BN,,,4.882640155879004e-07,0.0,RE_WIND_Onshore_Lim_6_[MY]
MY,BN,,,4.882640155879004e-07,0.0,RE_WIND_Onshore_Lim_7_[MY]
MY,BN,,,4.882640155879004e-07,0.0,RE_WIND_Onshore_Lim_8_[MY]
MY,BN,,,4.882640155879004e-07,0.0,RE_WIND_Onshore_Lim_9_[MY]
MY,BN,,,4.882640155879004e-07,0.0,RE_WIND_Offshore_Lim_0_[MY]
MY,BN,,,4.882640155879004e-07,0.0,RE_WIND_Offshore_Lim_1_[MY]
MY,BN,,,4.882640155879004e-07,0.0,RE_WIND_Offshore_Lim_2_[MY]
MY,BN,,,4.882640155879004e-07,0.0,RE_WIND_Offshore_Lim_3_[MY]
MY,BN,,,4.882640155879004e-07,0.0,RE_WIND_Offshore_Lim_4_[MY]
MY,BN,,,4.882640155879004e-07,0.0,RE_WIND_Offshore_Lim_5_[MY]
MY,BN,,,4.882640155879004e-07,0.0,RE_WIND_Offshore_Lim_6_[MY]
MY,BN,,,4.882640155879004e-07,0.0,RE_WIND_Offshore_Lim_7_[MY]
MY,BN,,,4.882640155879004e-07,0.0,RE_WIND_Offshore_Lim_8_[MY]
MY,BN,,,4.882640155879004e-07,0.0,RE_WIND_Offshore_Lim_9_[MY]
MY,BN,,,4.882640155879004e-07,0.16205090320431148,HYDRO_[MY]
MY,BN,,,4.882640155879004e-07,0.0,PP_CO2_[MY]
MY,BN,,,4.882640155879004e-07,5.018355762050092,BESS_[MY]
MY,BN,,,4.882640155879004e-07,0.1395773725906405,EL_to_HTH_[MY]
MY,BN,,,4.882640155879004e-07,0.47515972830567255,EL_to_NH3_[MY]
MY,BN,,,4.882640155879004e-07,1.1587158834430598,NH3_Storage_[MY]
MY,BN,,,4.882640155879004e-07,7.479705276286326e-08,NH3_to_EL_[MY]
MY,BN,,,4.882640155879004e-07,0.02600027803482757,NH3_to_HTH_[MY]
MY,BN,,,4.882640155879004e-07,1.1455198652555644e-08,FF_to_HTH_[MY]
MY,BN,,,4.882640155879004e-07,0.0,EL_Demand_[MY]
MY,BN,,,4.882640155879004e-07,0.0,HTH_Demand_[MY]
MY,BN,,,63.9999998624439,0.04510631974593076,RE_PV_Openfield_Lim_[BN]
MY,BN,,,63.9999998624439,0.0,RE_PV_Rooftop_Lim_[BN]
MY,BN,,,63.9999998624439,0.0,RE_WIND_Onshore_Lim_0_[BN]
MY,BN,,,63.9999998624439,0.0,RE_WIND_Onshore_Lim_1_[BN]
MY,BN,,,63.9999998624439,0.0,RE_WIND_Onshore_Lim_2_[BN]
MY,BN,,,63.9999998624439,0.0,RE_WIND_Onshore_Lim_3_[BN]
MY,BN,,,63.9999998624439,0.0,RE_WIND_Onshore_Lim_4_[BN]
MY,BN,,,63.9999998624439,0.0,RE_WIND_Onshore_Lim_5_[BN]
MY,BN,,,63.9999998624439,0.0,RE_WIND_Onshore_Lim_6_[BN]
MY,BN,,,63.9999998624439,0.0,RE_WIND_Onshore_Lim_7_[BN]
MY,BN,,,63.9999998624439,0.0,RE_WIND_Onshore_Lim_8_[BN]
MY,BN,,,63.9999998624439,0.0,RE_WIND_Onshore_Lim_9_[BN]
MY,BN,,,63.9999998624439,0.0,RE_WIND_Offshore_Lim_0_[BN]
MY,BN,,,63.9999998624439,0.0,RE_WIND_Offshore_Lim_1_[BN]
MY,BN,,,63.9999998624439,0.0,RE_WIND_Offshore_Lim_2_[BN]
MY,BN,,,63.9999998624439,0.0,RE_WIND_Offshore_Lim_3_[BN]
MY,BN,,,63.9999998624439,0.0,RE_WIND_Offshore_Lim_4_[BN]
MY,BN,,,63.9999998624439,0.0,RE_WIND_Offshore_Lim_5_[BN]
MY,BN,,,63.9999998624439,0.0,RE_WIND_Offshore_Lim_6_[BN]
MY,BN,,,63.9999998624439,0.0,RE_WIND_Offshore_Lim_7_[BN]
MY,BN,,,63.9999998624439,0.0,RE_WIND_Offshore_Lim_8_[BN]
MY,BN,,,63.9999998624439,0.0,RE_WIND_Offshore_Lim_9_[BN]
MY,BN,,,63.9999998624439,0.0,HYDRO_[BN]
MY,BN,,,63.9999998624439,0.22058608837197966,PP_CO2_[BN]
MY,BN,,,63.9999998624439,0.006498750089342242,BESS_[BN]
MY,BN,,,63.9999998624439,0.0012999637970588405,EL_to_HTH_[BN]
MY,BN,,,63.9999998624439,6.852841714660493e-08,EL_to_NH3_[BN]
MY,BN,,,63.9999998624439,3.11695050856426e-07,NH3_Storage_[BN]
MY,BN,,,63.9999998624439,3.1986745220917324e-07,NH3_to_EL_[BN]
MY,BN,,,63.9999998624439,1.2676215211511166e-08,NH3_to_HTH_[BN]
MY,BN,,,63.9999998624439,0.01593799320344728,FF_to_HTH_[BN]
MY,BN,,,63.9999998624439,0.0,EL_Demand_[BN]
MY,BN,,,63.9999998624439,0.0,HTH_Demand_[BN]
MY,BN,,,63.9999998624439,1.1651137648617893,RE_PV_Openfield_Lim_[MY]
MY,BN,,,63.9999998624439,0.0,RE_PV_Rooftop_Lim_[MY]
MY,BN,,,63.9999998624439,2.08605381391309,RE_WIND_Onshore_Lim_0_[MY]
MY,BN,,,63.9999998624439,0.0,RE_WIND_Onshore_Lim_1_[MY]
MY,BN,,,63.9999998624439,0.0,RE_WIND_Onshore_Lim_2_[MY]
MY,BN,,,63.9999998624439,0.0,RE_WIND_Onshore_Lim_3_[MY]
MY,BN,,,63.9999998624439,0.0,RE_WIND_Onshore_Lim_4_[MY]
MY,BN,,,63.9999998624439,0.0,RE_WIND_Onshore_Lim_5_[MY]
MY,BN,,,63.9999998624439,0.0,RE_WIND_Onshore_Lim_6_[MY]
MY,BN,,,63.9999998624439,0.0,RE_WIND_Onshore_Lim_7_[MY]
MY,BN,,,63.9999998624439,0.0,RE_WIND_Onshore_Lim_8_[MY]
MY,BN,,,63.9999998624439,0.0,RE_WIND_Onshore_Lim_9_[MY]
MY,BN,,,63.9999998624439,0.0,RE_WIND_Offshore_Lim_0_[MY]
MY,BN,,,63.9999998624439,0.0,RE_WIND_Offshore_Lim_1_[MY]
MY,BN,,,63.9999998624439,0.0,RE_WIND_Offshore_Lim_2_[MY]
MY,BN,,,63.9999998624439,0.0,RE_WIND_Offshore_Lim_3_[MY]
MY,BN,,,63.9999998624439,0.0,RE_WIND_Offshore_Lim_4_[MY]
MY,BN,,,63.9999998624439,0.0,RE_WIND_Offshore_Lim_5_[MY]
MY,BN,,,63.9999998624439,0.0,RE_WIND_Offshore_Lim_6_[MY]
MY,BN,,,63.9999998624439,0.0,RE_WIND_Offshore_Lim_7_[MY]
MY,BN,,,63.9999998624439,0.0,RE_WIND_Offshore_Lim_8_[MY]
MY,BN,,,63.9999998624439,0.0,RE_WIND_Offshore_Lim_9_[MY]
MY,BN,,,63.9999998624439,0.1620509036637982,HYDRO_[MY]
MY,BN,,,63.9999998624439,2.753238568007199,PP_CO2_[MY]
MY,BN,,,63.9999998624439,0.1970586001241104,BESS_[MY]
MY,BN,,,63.9999998624439,0.1278817770003473,EL_to_HTH_[MY]
MY,BN,,,63.9999998624439,7.0632120773071e-08,EL_to_NH3_[MY]
MY,BN,,,63.9999998624439,4.5616772273176376e-07,NH3_Storage_[MY]
MY,BN,,,63.9999998624439,5.490181831736958e-07,NH3_to_EL_[MY]
MY,BN,,,63.9999998624439,2.0406566756644986e-09,NH3_to_HTH_[MY]
MY,BN,,,63.9999998624439,1.5730023140480245,FF_to_HTH_[MY]
MY,BN,,,63.9999998624439,0.0,EL_Demand_[MY]
MY,BN,,,63.9999998624439,0.0,HTH_Demand_[MY]
MY,BN,,,54.99999997581628,0.045999530002641925,RE_PV_Openfield_Lim_[BN]
MY,BN,,,54.99999997581628,0.0,RE_PV_Rooftop_Lim_[BN]
MY,BN,,,54.99999997581628,0.000527189430372578,RE_WIND_Onshore_Lim_0_[BN]
MY,BN,,,54.99999997581628,0.0,RE_WIND_Onshore_Lim_1_[BN]
MY,BN,,,54.99999997581628,0.0,RE_WIND_Onshore_Lim_2_[BN]
MY,BN,,,54.99999997581628,0.0,RE_WIND_Onshore_Lim_3_[BN]
MY,BN,,,54.99999997581628,0.0,RE_WIND_Onshore_Lim_4_[BN]
MY,BN,,,54.99999997581628,0.0,RE_WIND_Onshore_Lim_5_[BN]
MY,BN,,,54.99999997581628,0.0,RE_WIND_Onshore_Lim_6_[BN]
MY,BN,,,54.99999997581628,0.0,RE_WIND_Onshore_Lim_7_[BN]
MY,BN,,,54.99999997581628,0.0,RE_WIND_Onshore_Lim_8_[BN]
MY,BN,,,54.99999997581628,0.0,RE_WIND_Onshore_Lim_9_[BN]
MY,BN,,,54.99999997581628,0.0,RE_WIND_Offshore_Lim_0_[BN]
MY,BN,,,54.99999997581628,0.0,RE_WIND_Offshore_Lim_1_[BN]
MY,BN,,,54.99999997581628,0.0,RE_WIND_Offshore_Lim_2_[BN]
MY,BN,,,54.99999997581628,0.0,RE_WIND_Offshore_Lim_3_[BN]
MY,BN,,,54.99999997581628,0.0,RE_WIND_Offshore_Lim_4_[BN]
MY,BN,,,54.99999997581628,0.0,RE_WIND_Offshore_Lim_5_[BN]
MY,BN,,,54.99999997581628,0.0,RE_WIND_Offshore_Lim_6_[BN]
MY,BN,,,54.99999997581628,0.0,RE_WIND_Offshore_Lim_7_[BN]
MY,BN,,,54.99999997581628,0.0,RE_WIND_Offshore_Lim_8_[BN]
MY,BN,,,54.99999997581628,0.0,RE_WIND_Offshore_Lim_9_[BN]
MY,BN,,,54.99999997581628,0.0,HYDRO_[BN]
MY,BN,,,54.99999997581628,0.21950879541527396,PP_CO2_[BN]
MY,BN,,,54.99999997581628,0.006334633969693273,BESS_[BN]
MY,BN,,,54.99999997581628,0.001299973897614443,EL_to_HTH_[BN]
MY,BN,,,54.99999997581628,1.5071096415803407e-07,EL_to_NH3_[BN]
MY,BN,,,54.99999997581628,4.818720130174013e-07,NH3_Storage_[BN]
MY,BN,,,54.99999997581628,4.3575986218555364e-07,NH3_to_EL_[BN]
MY,BN,,,54.99999997581628,1.1032019823334177e-08,NH3_to_HTH_[BN]
MY,BN,,,54.99999997581628,0.01579586760321365,FF_to_HTH_[BN]
MY,BN,,,54.99999997581628,0.0,EL_Demand_[BN]
MY,BN,,,54.99999997581628,0.0,HTH_Demand_[BN]
MY,BN,,,54.99999997581628,1.1454647963398348,RE_PV_Openfield_Lim_[MY]
MY,BN,,,54.99999997581628,0.0,RE_PV_Rooftop_Lim_[MY]
MY,BN,,,54.99999997581628,2.5444383640675095,RE_WIND_Onshore_Lim_0_[MY]
MY,BN,,,54.99999997581628,0.0,RE_WIND_Onshore_Lim_1_[MY]
MY,BN,,,54.99999997581628,0.0,RE_WIND_Onshore_Lim_2_[MY]
MY,BN,,,54.99999997581628,0.0,RE_WIND_Onshore_Lim_3_[MY]
MY,BN,,,54.99999997581628,0.0,RE_WIND_Onshore_Lim_4_[MY]
MY,BN,,,54.99999997581628,0.0,RE_WIND_Onshore_Lim_5_[MY]
MY,BN,,,54.99999997581628,0.0,RE_WIND_Onshore_Lim_6_[MY]
MY,BN,,,54.99999997581628,0.0,RE_WIND_Onshore_Lim_7_[MY]
MY,BN,,,54.99999997581628,0.0,RE_WIND_Onshore_Lim_8_[MY]
MY,BN,,,54.99999997581628,0.0,RE_WIND_Onshore_Lim_9_[MY]
MY,BN,,,54.99999997581628,0.0,RE_WIND_Offshore_Lim_0_[MY]
MY,BN,,,54.99999997581628,0.0,RE_WIND_Offshore_Lim_1_[MY]
MY,BN,,,54.99999997581628,0.0,RE_WIND_Offshore_Lim_2_[MY]
MY,BN,,,54.99999997581628,0.0,RE_WIND_Offshore_Lim_3_[MY]
MY,BN,,,54.99999997581628,0.0,RE_WIND_Offshore_Lim_4_[MY]
MY,BN,,,54.99999997581628,0.0,RE_WIND_Offshore_Lim_5_[MY]
MY,BN,,,54.99999997581628,0.0,RE_WIND_Offshore_Lim_6_[MY]
MY,BN,,,54.99999997581628,0.0,RE_WIND_Offshore_Lim_7_[MY]
MY,BN,,,54.99999997581628,0.0,RE_WIND_Offshore_Lim_8_[MY]
MY,BN,,,54.99999997581628,0.0,RE_WIND_Offshore_Lim_9_[MY]
MY,BN,,,54.99999997581628,0.16205090365651895,HYDRO_[MY]
MY,BN,,,54.99999997581628,2.3960386752378136,PP_CO2_[MY]
MY,BN,,,54.99999997581628,0.21871468060978108,BESS_[MY]
MY,BN,,,54.99999997581628,0.13047910301356974,EL_to_HTH_[MY]
MY,BN,,,54.99999997581628,1.523802184320143e-07,EL_to_NH3_[MY]
MY,BN,,,54.99999997581628,6.072895582009175e-07,NH3_Storage_[MY]
MY,BN,,,54.99999997581628,5.955277759271218e-07,NH3_to_EL_[MY]
MY,BN,,,54.99999997581628,1.1453839697977396e-08,NH3_to_HTH_[MY]
MY,BN,,,54.99999997581628,1.4892246894921246,FF_to_HTH_[MY]
MY,BN,,,54.99999997581628,0.0,EL_Demand_[MY]
MY,BN,,,54.99999997581628,0.0,HTH_Demand_[MY]
MY,BN,,,52.99999998010921,0.047669115337603846,RE_PV_Openfield_Lim_[BN]
MY,BN,,,52.99999998010921,0.0,RE_PV_Rooftop_Lim_[BN]
MY,BN,,,52.99999998010921,0.0005647186203705749,RE_WIND_Onshore_Lim_0_[BN]
MY,BN,,,52.99999998010921,0.0,RE_WIND_Onshore_Lim_1_[BN]
MY,BN,,,52.99999998010921,0.0,RE_WIND_Onshore_Lim_2_[BN]
MY,BN,,,52.99999998010921,0.0,RE_WIND_Onshore_Lim_3_[BN]
MY,BN,,,52.99999998010921,0.0,RE_WIND_Onshore_Lim_4_[BN]
MY,BN,,,52.99999998010921,0.0,RE_WIND_Onshore_Lim_5_[BN]
MY,BN,,,52.99999998010921,0.0,RE_WIND_Onshore_Lim_6_[BN]
MY,BN,,,52.99999998010921,0.0,RE_WIND_Onshore_Lim_7_[BN]
MY,BN,,,52.99999998010921,0.0,RE_WIND_Onshore_Lim_8_[BN]
MY,BN,,,52.99999998010921,0.0,RE_WIND_Onshore_Lim_9_[BN]
MY,BN,,,52.99999998010921,0.0,RE_WIND_Offshore_Lim_0_[BN]
MY,BN,,,52.99999998010921,0.0,RE_WIND_Offshore_Lim_1_[BN]
MY,BN,,,52.99999998010921,0.0,RE_WIND_Offshore_Lim_2_[BN]
MY,BN,,,52.99999998010921,0.0,RE_WIND_Offshore_Lim_3_[BN]
MY,BN,,,52.99999998010921,0.0,RE_WIND_Offshore_Lim_4_[BN]
MY,BN,,,52.99999998010921,0.0,RE_WIND_Offshore_Lim_5_[BN]
MY,BN,,,52.99999998010921,0.0,RE_WIND_Offshore_Lim_6_[BN]
MY,BN,,,52.99999998010921,0.0,RE_WIND_Offshore_Lim_7_[BN]
MY,BN,,,52.99999998010921,0.0,RE_WIND_Offshore_Lim_8_[BN]
MY,BN,,,52.99999998010921,0.0,RE_WIND_Offshore_Lim_9_[BN]
MY,BN,,,52.99999998010921,0.0,HYDRO_[BN]
MY,BN,,,52.99999998010921,0.21531434532732327,PP_CO2_[BN]
MY,BN,,,52.99999998010921,0.009329947678250216,BESS_[BN]
MY,BN,,,52.99999998010921,0.0012999821238900194,EL_to_HTH_[BN]
MY,BN,,,52.99999998010921,1.8982540631989836e-07,EL_to_NH3_[BN]
MY,BN,,,52.99999998010921,4.953398005220047e-07,NH3_Storage_[BN]
MY,BN,,,52.99999998010921,4.33099967245947e-07,NH3_to_EL_[BN]
MY,BN,,,52.99999998010921,1.5771890075820886e-08,NH3_to_HTH_[BN]
MY,BN,,,52.99999998010921,0.015656575436289632,FF_to_HTH_[BN]
MY,BN,,,52.99999998010921,0.0,EL_Demand_[BN]
MY,BN,,,52.99999998010921,0.0,HTH_Demand_[BN]
MY,BN,,,52.99999998010921,1.1241042593547137,RE_PV_Openfield_Lim_[MY]
MY,BN,,,52.99999998010921,0.0,RE_PV_Rooftop_Lim_[MY]
MY,BN,,,52.99999998010921,2.6609392851384635,RE_WIND_Onshore_Lim_0_[MY]
MY,BN,,,52.99999998010921,0.0,RE_WIND_Onshore_Lim_1_[MY]
MY,BN,,,52.99999998010921,0.0,RE_WIND_Onshore_Lim_2_[MY]
MY,BN,,,52.99999998010921,0.0,RE_WIND_Onshore_Lim_3_[MY]
MY,BN,,,52.99999998010921,0.0,RE_WIND_Onshore_Lim_4_[MY]
MY,BN,,,52.99999998010921,0.0,RE_WIND_Onshore_Lim_5_[MY]
MY,BN,,,52.99999998010921,0.0,RE_WIND_Onshore_Lim_6_[MY]
MY,BN,,,52.99999998010921,0.0,RE_WIND_Onshore_Lim_7_[MY]
MY,BN,,,52.99999998010921,0.0,RE_WIND_Onshore_Lim_8_[MY]
MY,BN,,,52.99999998010921,0.0,RE_WIND_Onshore_Lim_9_[MY]
MY,BN,,,52.99999998010921,0.0,RE_WIND_Offshore_Lim_0_[MY]
MY,BN,,,52.99999998010921,0.0,RE_WIND_Offshore_Lim_1_[MY]
MY,BN,,,52.99999998010921,0.0,RE_WIND_Offshore_Lim_2_[MY]
MY,BN,,,52.99999998010921,0.0,RE_WIND_Offshore_Lim_3_[MY]
MY,BN,,,52.99999998010921,0.0,RE_WIND_Offshore_Lim_4_[MY]
MY,BN,,,52.99999998010921,0.0,RE_WIND_Offshore_Lim_5_[MY]
MY,BN,,,52.99999998010921,0.0,RE_WIND_Offshore_Lim_6_[MY]
MY,BN,,,52.99999998010921,0.0,RE_WIND_Offshore_Lim_7_[MY]
MY,BN,,,52.99999998010921,0.0,RE_WIND_Offshore_Lim_8_[MY]
MY,BN,,,52.99999998010921,0.0,RE_WIND_Offshore_Lim_9_[MY]
MY,BN,,,52.99999998010921,0.16205090365534383,HYDRO_[MY]
MY,BN,,,52.99999998010921,2.3159226276994875,PP_CO2_[MY]
MY,BN,,,52.99999998010921,0.2244152790525276,BESS_[MY]
MY,BN,,,52.99999998010921,0.1322247786566109,EL_to_HTH_[MY]
MY,BN,,,52.99999998010921,1.8175967367231217e-07,EL_to_NH3_[MY]
MY,BN,,,52.99999998010921,6.818841175367993e-07,NH3_Storage_[MY]
MY,BN,,,52.99999998010921,6.636528202179074e-07,NH3_to_EL_[MY]
MY,BN,,,52.99999998010921,1.7026228418321068e-08,NH3_to_HTH_[MY]
MY,BN,,,52.99999998010921,1.4763526318695488,FF_to_HTH_[MY]
MY,BN,,,52.99999998010921,0.0,EL_Demand_[MY]
MY,BN,,,52.99999998010921,0.0,HTH_Demand_[MY]
MY,BN,,,45.66666665798574,0.05142743911951994,RE_PV_Openfield_Lim_[BN]
MY,BN,,,45.66666665798574,0.0,RE_PV_Rooftop_Lim_[BN]
MY,BN,,,45.66666665798574,0.0005418196233988935,RE_WIND_Onshore_Lim_0_[BN]
MY,BN,,,45.66666665798574,0.0,RE_WIND_Onshore_Lim_1_[BN]
MY,BN,,,45.66666665798574,0.0,RE_WIND_Onshore_Lim_2_[BN]
MY,BN,,,45.66666665798574,0.0,RE_WIND_Onshore_Lim_3_[BN]
MY,BN,,,45.66666665798574,0.0,RE_WIND_Onshore_Lim_4_[BN]
MY,BN,,,45.66666665798574,0.0,RE_WIND_Onshore_Lim_5_[BN]
MY,BN,,,45.66666665798574,0.0,RE_WIND_Onshore_Lim_6_[BN]
MY,BN,,,45.66666665798574,0.0,RE_WIND_Onshore_Lim_7_[BN]
MY,BN,,,45.66666665798574,0.0,RE_WIND_Onshore_Lim_8_[BN]
MY,BN,,,45.66666665798574,0.0,RE_WIND_Onshore_Lim_9_[BN]
MY,BN,,,45.66666665798574,0.0,RE_WIND_Offshore_Lim_0_[BN]
MY,BN,,,45.66666665798574,0.0,RE_WIND_Offshore_Lim_1_[BN]
MY,BN,,,45.66666665798574,0.0,RE_WIND_Offshore_Lim_2_[BN]
MY,BN,,,45.66666665798574,0.0,RE_WIND_Offshore_Lim_3_[BN]
MY,BN,,,45.66666665798574,0.0,RE_WIND_Offshore_Lim_4_[BN]
MY,BN,,,45.66666665798574,0.0,RE_WIND_Offshore_Lim_5_[BN]
MY,BN,,,45.66666665798574,0.0,RE_WIND_Offshore_Lim_6_[BN]
MY,BN,,,45.66666665798574,0.0,RE_WIND_Offshore_Lim_7_[BN]
MY,BN,,,45.66666665798574,0.0,RE_WIND_Offshore_Lim_8_[BN]
MY,BN,,,45.66666665798574,0.0,RE_WIND_Offshore_Lim_9_[BN]
MY,BN,,,45.66666665798574,0.0,HYDRO_[BN]
MY,BN,,,45.66666665798574,0.20622830468576792,PP_CO2_[BN]
MY,BN,,,45.66666665798574,0.01653099017488639,BESS_[BN]
MY,BN,,,45.66666665798574,0.0012999968564899188,EL_to_HTH_[BN]
MY,BN,,,45.66666665798574,2.4461159685092674e-07,EL_to_NH3_[BN]
MY,BN,,,45.66666665798574,3.9078038283935377e-07,NH3_Storage_[BN]
MY,BN,,,45.66666665798574,2.9204159748530073e-07,NH3_to_EL_[BN]
MY,BN,,,45.66666665798574,3.037872775242186e-08,NH3_to_HTH_[BN]
MY,BN,,,45.66666665798574,0.01539203370123701,FF_to_HTH_[BN]
MY,BN,,,45.66666665798574,0.0,EL_Demand_[BN]
MY,BN,,,45.66666665798574,0.0,HTH_Demand_[BN]
MY,BN,,,45.66666665798574,1.1145212367441524,RE_PV_Openfield_Lim_[MY]
MY,BN,,,45.66666665798574,0.0,RE_PV_Rooftop_Lim_[MY]
MY,BN,,,45.66666665798574,3.0307760291032135,RE_WIND_Onshore_Lim_0_[MY]
MY,BN,,,45.66666665798574,0.0,RE_WIND_Onshore_Lim_1_[MY]
MY,BN,,,45.66666665798574,0.0,RE_WIND_Onshore_Lim_2_[MY]
MY,BN,,,45.66666665798574,0.0,RE_WIND_Onshore_Lim_3_[MY]
MY,BN,,,45.66666665798574,0.0,RE_WIND_Onshore_Lim_4_[MY]
MY,BN,,,45.66666665798574,0.0,RE_WIND_Onshore_Lim_5_[MY]
MY,BN,,,45.66666665798574,0.0,RE_WIND_Onshore_Lim_6_[MY]
MY,BN,,,45.66666665798574,0.0,RE_WIND_Onshore_Lim_7_[MY]
MY,BN,,,45.66666665798574,0.0,RE_WIND_Onshore_Lim_8_[MY]
MY,BN,,,45.66666665798574,0.0,RE_WIND_Onshore_Lim_9_[MY]
MY,BN,,,45.66666665798574,0.0,RE_WIND_Offshore_Lim_0_[MY]
MY,BN,,,45.66666665798574,0.0,RE_WIND_Offshore_Lim_1_[MY]
MY,BN,,,45.66666665798574,0.0,RE_WIND_Offshore_Lim_2_[MY]
MY,BN,,,45.66666665798574,0.0,RE_WIND_Offshore_Lim_3_[MY]
MY,BN,,,45.66666665798574,0.0,RE_WIND_Offshore_Lim_4_[MY]
MY,BN,,,45.66666665798574,0.0,RE_WIND_Offshore_Lim_5_[MY]
MY,BN,,,45.66666665798574,0.0,RE_WIND_Offshore_Lim_6_[MY]
MY,BN,,,45.66666665798574,0.0,RE_WIND_Offshore_Lim_7_[MY]
MY,BN,,,45.66666665798574,0.0,RE_WIND_Offshore_Lim_8_[MY]
MY,BN,,,45.66666665798574,0.0,RE_WIND_Offshore_Lim_9_[MY]
MY,BN,,,45.66666665798574,0.1620509036579322,HYDRO_[MY]
MY,BN,,,45.66666665798574,1.995476294281542,PP_CO2_[MY]
MY,BN,,,45.66666665798574,0.30461568957872714,BESS_[MY]
MY,BN,,,45.66666665798574,0.1330762936574714,EL_to_HTH_[MY]
MY,BN,,,45.66666665798574,3.3367020595877385e-07,EL_to_NH3_[MY]
MY,BN,,,45.66666665798574,3.366752963574998e-07,NH3_Storage_[MY]
MY,BN,,,45.66666665798574,2.675403963601756e-07,NH3_to_EL_[MY]
MY,BN,,,45.66666665798574,4.7270891978586185e-08,NH3_to_HTH_[MY]
MY,BN,,,45.66666665798574,1.419317428836642,FF_to_HTH_[MY]
MY,BN,,,45.66666665798574,0.0,EL_Demand_[MY]
MY,BN,,,45.66666665798574,0.0,HTH_Demand_[MY]
MY,BN,,,36.66666665950994,0.06047393097757314,RE_PV_Openfield_Lim_[BN]
MY,BN,,,36.66666665950994,0.0,RE_PV_Rooftop_Lim_[BN]
MY,BN,,,36.66666665950994,0.018203750783734526,RE_WIND_Onshore_Lim_0_[BN]
MY,BN,,,36.66666665950994,0.0,RE_WIND_Onshore_Lim_1_[BN]
MY,BN,,,36.66666665950994,0.0,RE_WIND_Onshore_Lim_2_[BN]
MY,BN,,,36.66666665950994,0.0,RE_WIND_Onshore_Lim_3_[BN]
MY,BN,,,36.66666665950994,0.0,RE_WIND_Onshore_Lim_4_[BN]
MY,BN,,,36.66666665950994,0.0,RE_WIND_Onshore_Lim_5_[BN]
MY,BN,,,36.66666665950994,0.0,RE_WIND_Onshore_Lim_6_[BN]
MY,BN,,,36.66666665950994,0.0,RE_WIND_Onshore_Lim_7_[BN]
MY,BN,,,36.66666665950994,0.0,RE_WIND_Onshore_Lim_8_[BN]
MY,BN,,,36.66666665950994,0.0,RE_WIND_Onshore_Lim_9_[BN]
MY,BN,,,36.66666665950994,0.0,RE_WIND_Offshore_Lim_0_[BN]
MY,BN,,,36.66666665950994,0.0,RE_WIND_Offshore_Lim_1_[BN]
MY,BN,,,36.66666665950994,0.0,RE_WIND_Offshore_Lim_2_[BN]
MY,BN,,,36.66666665950994,0.0,RE_WIND_Offshore_Lim_3_[BN]
MY,BN,,,36.66666665950994,0.0,RE_WIND_Offshore_Lim_4_[BN]
MY,BN,,,36.66666665950994,0.0,RE_WIND_Offshore_Lim_5_[BN]
MY,BN,,,36.66666665950994,0.0,RE_WIND_Offshore_Lim_6_[BN]
MY,BN,,,36.66666665950994,0.0,RE_WIND_Offshore_Lim_7_[BN]
MY,BN,,,36.66666665950994,0.0,RE_WIND_Offshore_Lim_8_[BN]
MY,BN,,,36.66666665950994,0.0,RE_WIND_Offshore_Lim_9_[BN]
MY,BN,,,36.66666665950994,0.0,HYDRO_[BN]
MY,BN,,,36.66666665950994,0.16851385045725006,PP_CO2_[BN]
MY,BN,,,36.66666665950994,0.04342115480320733,BESS_[BN]
MY,BN,,,36.66666665950994,0.0013111573183224464,EL_to_HTH_[BN]
MY,BN,,,36.66666665950994,6.937069233745228e-07,EL_to_NH3_[BN]
MY,BN,,,36.66666665950994,6.710478935039738e-07,NH3_Storage_[BN]
MY,BN,,,36.66666665950994,3.727282323856778e-07,NH3_to_EL_[BN]
MY,BN,,,36.66666665950994,8.189602964134122e-08,NH3_to_HTH_[BN]
MY,BN,,,36.66666665950994,0.014731619246089055,FF_to_HTH_[BN]
MY,BN,,,36.66666665950994,0.0,EL_Demand_[BN]
MY,BN,,,36.66666665950994,0.0,HTH_Demand_[BN]
MY,BN,,,36.66666665950994,1.1835097092566356,RE_PV_Openfield_Lim_[MY]
MY,BN,,,36.66666665950994,0.0,RE_PV_Rooftop_Lim_[MY]
MY,BN,,,36.66666665950994,3.356829517898341,RE_WIND_Onshore_Lim_0_[MY]
MY,BN,,,36.66666665950994,0.0,RE_WIND_Onshore_Lim_1_[MY]
MY,BN,,,36.66666665950994,0.0,RE_WIND_Onshore_Lim_2_[MY]
MY,BN,,,36.66666665950994,0.0,RE_WIND_Onshore_Lim_3_[MY]
MY,BN,,,36.66666665950994,0.0,RE_WIND_Onshore_Lim_4_[MY]
MY,BN,,,36.66666665950994,0.0,RE_WIND_Onshore_Lim_5_[MY]
MY,BN,,,36.66666665950994,0.0,RE_WIND_Onshore_Lim_6_[MY]
MY,BN,,,36.66666665950994,0.0,RE_WIND_Onshore_Lim_7_[MY]
MY,BN,,,36.66666665950994,0.0,RE_WIND_Onshore_Lim_8_[MY]
MY,BN,,,36.66666665950994,0.0,RE_WIND_Onshore_Lim_9_[MY]
MY,BN,,,36.66666665950994,0.0,RE_WIND_Offshore_Lim_0_[MY]
MY,BN,,,36.66666665950994,0.0,RE_WIND_Offshore_Lim_1_[MY]
MY,BN,,,36.66666665950994,0.0,RE_WIND_Offshore_Lim_2_[MY]
MY,BN,,,36.66666665950994,0.0,RE_WIND_Offshore_Lim_3_[MY]
MY,BN,,,36.66666665950994,0.0,RE_WIND_Offshore_Lim_4_[MY]
MY,BN,,,36.66666665950994,0.0,RE_WIND_Offshore_Lim_5_[MY]
MY,BN,,,36.66666665950994,0.0,RE_WIND_Offshore_Lim_6_[MY]
MY,BN,,,36.66666665950994,0.0,RE_WIND_Offshore_Lim_7_[MY]
MY,BN,,,36.66666665950994,0.0,RE_WIND_Offshore_Lim_8_[MY]
MY,BN,,,36.66666665950994,0.0,RE_WIND_Offshore_Lim_9_[MY]
MY,BN,,,36.66666665950994,0.16205090363672733,HYDRO_[MY]
MY,BN,,,36.66666665950994,1.602298214769759,PP_CO2_[MY]
MY,BN,,,36.66666665950994,0.5210518325768628,BESS_[MY]
MY,BN,,,36.66666665950994,0.13437531601131356,EL_to_HTH_[MY]
MY,BN,,,36.66666665950994,6.571835831126515e-07,EL_to_NH3_[MY]
MY,BN,,,36.66666665950994,9.234387824619731e-07,NH3_Storage_[MY]
MY,BN,,,36.66666665950994,6.471554356095228e-07,NH3_to_EL_[MY]
MY,BN,,,36.66666665950994,1.335196426424413e-07,NH3_to_HTH_[MY]
MY,BN,,,36.66666665950994,1.3426718150982926,FF_to_HTH_[MY]
MY,BN,,,36.66666665950994,0.0,EL_Demand_[MY]
MY,BN,,,36.66666665950994,0.0,HTH_Demand_[MY]
MY,BN,,,35.33333333003772,0.06960435044087963,RE_PV_Openfield_Lim_[BN]
MY,BN,,,35.33333333003772,0.0,RE_PV_Rooftop_Lim_[BN]
MY,BN,,,35.33333333003772,0.018203702974227055,RE_WIND_Onshore_Lim_0_[BN]
MY,BN,,,35.33333333003772,0.0,RE_WIND_Onshore_Lim_1_[BN]
MY,BN,,,35.33333333003772,0.0,RE_WIND_Onshore_Lim_2_[BN]
MY,BN,,,35.33333333003772,0.0,RE_WIND_Onshore_Lim_3_[BN]
MY,BN,,,35.33333333003772,0.0,RE_WIND_Onshore_Lim_4_[BN]
MY,BN,,,35.33333333003772,0.0,RE_WIND_Onshore_Lim_5_[BN]
MY,BN,,,35.33333333003772,0.0,RE_WIND_Onshore_Lim_6_[BN]
MY,BN,,,35.33333333003772,0.0,RE_WIND_Onshore_Lim_7_[BN]
MY,BN,,,35.33333333003772,0.0,RE_WIND_Onshore_Lim_8_[BN]
MY,BN,,,35.33333333003772,0.0,RE_WIND_Onshore_Lim_9_[BN]
MY,BN,,,35.33333333003772,0.0,RE_WIND_Offshore_Lim_0_[BN]
MY,BN,,,35.33333333003772,0.0,RE_WIND_Offshore_Lim_1_[BN]
MY,BN,,,35.33333333003772,0.0,RE_WIND_Offshore_Lim_2_[BN]
MY,BN,,,35.33333333003772,0.0,RE_WIND_Offshore_Lim_3_[BN]
MY,BN,,,35.33333333003772,0.0,RE_WIND_Offshore_Lim_4_[BN]
MY,BN,,,35.33333333003772,0.0,RE_WIND_Offshore_Lim_5_[BN]
MY,BN,,,35.33333333003772,0.0,RE_WIND_Offshore_Lim_6_[BN]
MY,BN,,,35.33333333003772,0.0,RE_WIND_Offshore_Lim_7_[BN]
MY,BN,,,35.33333333003772,0.0,RE_WIND_Offshore_Lim_8_[BN]
MY,BN,,,35.33333333003772,0.0,RE_WIND_Offshore_Lim_9_[BN]
MY,BN,,,35.33333333003772,0.0,HYDRO_[BN]
MY,BN,,,35.33333333003772,0.14558353853550302,PP_CO2_[BN]
MY,BN,,,35.33333333003772,0.06963568733587176,BESS_[BN]
MY,BN,,,35.33333333003772,0.0013112177836661898,EL_to_HTH_[BN]
MY,BN,,,35.33333333003772,4.668818246551236e-07,EL_to_NH3_[BN]
MY,BN,,,35.33333333003772,3.4550539917118045e-07,NH3_Storage_[BN]
MY,BN,,,35.33333333003772,1.4583809980920102e-07,NH3_to_EL_[BN]
MY,BN,,,35.33333333003772,5.922472365122792e-08,NH3_to_HTH_[BN]
MY,BN,,,35.33333333003772,0.014568694845518029,FF_to_HTH_[BN]
MY,BN,,,35.33333333003772,0.0,EL_Demand_[BN]
MY,BN,,,35.33333333003772,0.0,HTH_Demand_[BN]
MY,BN,,,35.33333333003772,1.2517180004167223,RE_PV_Openfield_Lim_[MY]
MY,BN,,,35.33333333003772,0.0,RE_PV_Rooftop_Lim_[MY]
MY,BN,,,35.33333333003772,3.264403015647546,RE_WIND_Onshore_Lim_0_[MY]
MY,BN,,,35.33333333003772,0.0,RE_WIND_Onshore_Lim_1_[MY]
MY,BN,,,35.33333333003772,0.0,RE_WIND_Onshore_Lim_2_[MY]
MY,BN,,,35.33333333003772,0.0,RE_WIND_Onshore_Lim_3_[MY]
MY,BN,,,35.33333333003772,0.0,RE_WIND_Onshore_Lim_4_[MY]
MY,BN,,,35.33333333003772,0.0,RE_WIND_Onshore_Lim_5_[MY]
MY,BN,,,35.33333333003772,0.0,RE_WIND_Onshore_Lim_6_[MY]
MY,BN,,,35.33333333003772,0.0,RE_WIND_Onshore_Lim_7_[MY]
MY,BN,,,35.33333333003772,0.0,RE_WIND_Onshore_Lim_8_[MY]
MY,BN,,,35.33333333003772,0.0,RE_WIND_Onshore_Lim_9_[MY]
MY,BN,,,35.33333333003772,0.0,RE_WIND_Offshore_Lim_0_[MY]
MY,BN,,,35.33333333003772,0.0,RE_WIND_Offshore_Lim_1_[MY]
MY,BN,,,35.33333333003772,0.0,RE_WIND_Offshore_Lim_2_[MY]
MY,BN,,,35.33333333003772,0.0,RE_WIND_Offshore_Lim_3_[MY]
MY,BN,,,35.33333333003772,0.0,RE_WIND_Offshore_Lim_4_[MY]
MY,BN,,,35.33333333003772,0.0,RE_WIND_Offshore_Lim_5_[MY]
MY,BN,,,35.33333333003772,0.0,RE_WIND_Offshore_Lim_6_[MY]
MY,BN,,,35.33333333003772,0.0,RE_WIND_Offshore_Lim_7_[MY]
MY,BN,,,35.33333333003772,0.0,RE_WIND_Offshore_Lim_8_[MY]
MY,BN,,,35.33333333003772,0.0,RE_WIND_Offshore_Lim_9_[MY]
MY,BN,,,35.33333333003772,0.1620509036437763,HYDRO_[MY]
MY,BN,,,35.33333333003772,1.5241471452682727,PP_CO2_[MY]
MY,BN,,,35.33333333003772,0.6557551402731804,BESS_[MY]
MY,BN,,,35.33333333003772,0.13437542907441255,EL_to_HTH_[MY]
MY,BN,,,35.33333333003772,4.382023531912248e-07,EL_to_NH3_[MY]
MY,BN,,,35.33333333003772,5.665485208326756e-07,NH3_Storage_[MY]
MY,BN,,,35.33333333003772,3.952640633464238e-07,NH3_to_EL_[MY]
MY,BN,,,35.33333333003772,9.292453453059201e-08,NH3_to_HTH_[MY]
MY,BN,,,35.33333333003772,1.3355432113702421,FF_to_HTH_[MY]
MY,BN,,,35.33333333003772,0.0,EL_Demand_[MY]
MY,BN,,,35.33333333003772,0.0,HTH_Demand_[MY]
MY,BN,,,27.46900286437811,0.08541735102343594,RE_PV_Openfield_Lim_[BN]
MY,BN,,,27.46900286437811,0.0027573600494690733,RE_PV_Rooftop_Lim_[BN]
MY,BN,,,27.46900286437811,0.01820369887678442,RE_WIND_Onshore_Lim_0_[BN]
MY,BN,,,27.46900286437811,0.0,RE_WIND_Onshore_Lim_1_[BN]
MY,BN,,,27.46900286437811,0.0,RE_WIND_Onshore_Lim_2_[BN]
MY,BN,,,27.46900286437811,0.0,RE_WIND_Onshore_Lim_3_[BN]
MY,BN,,,27.46900286437811,0.0,RE_WIND_Onshore_Lim_4_[BN]
MY,BN,,,27.46900286437811,0.0,RE_WIND_Onshore_Lim_5_[BN]
MY,BN,,,27.46900286437811,0.0,RE_WIND_Onshore_Lim_6_[BN]
MY,BN,,,27.46900286437811,0.0,RE_WIND_Onshore_Lim_7_[BN]
MY,BN,,,27.46900286437811,0.0,RE_WIND_Onshore_Lim_8_[BN]
MY,BN,,,27.46900286437811,0.0,RE_WIND_Onshore_Lim_9_[BN]
MY,BN,,,27.46900286437811,0.0,RE_WIND_Offshore_Lim_0_[BN]
MY,BN,,,27.46900286437811,0.0,RE_WIND_Offshore_Lim_1_[BN]
MY,BN,,,27.46900286437811,0.0,RE_WIND_Offshore_Lim_2_[BN]
MY,BN,,,27.46900286437811,0.0,RE_WIND_Offshore_Lim_3_[BN]
MY,BN,,,27.46900286437811,0.0,RE_WIND_Offshore_Lim_4_[BN]
MY,BN,,,27.46900286437811,0.0,RE_WIND_Offshore_Lim_5_[BN]
MY,BN,,,27.46900286437811,0.0,RE_WIND_Offshore_Lim_6_[BN]
MY,BN,,,27.46900286437811,0.0,RE_WIND_Offshore_Lim_7_[BN]
MY,BN,,,27.46900286437811,0.0,RE_WIND_Offshore_Lim_8_[BN]
MY,BN,,,27.46900286437811,0.0,RE_WIND_Offshore_Lim_9_[BN]
MY,BN,,,27.46900286437811,0.0,HYDRO_[BN]
MY,BN,,,27.46900286437811,0.09701471580398989,PP_CO2_[BN]
MY,BN,,,27.46900286437811,0.1339810406255172,BESS_[BN]
MY,BN,,,27.46900286437811,0.0013111975209137692,EL_to_HTH_[BN]
MY,BN,,,27.46900286437811,4.974739454889929e-07,EL_to_NH3_[BN]
MY,BN,,,27.46900286437811,3.426313484617015e-07,NH3_Storage_[BN]
MY,BN,,,27.46900286437811,1.1739118810284395e-07,NH3_to_EL_[BN]
MY,BN,,,27.46900286437811,7.599616010802118e-08,NH3_to_HTH_[BN]
MY,BN,,,27.46900286437811,0.014787959559153891,FF_to_HTH_[BN]
MY,BN,,,27.46900286437811,0.0,EL_Demand_[BN]
MY,BN,,,27.46900286437811,0.0,HTH_Demand_[BN]
MY,BN,,,27.46900286437811,1.3093689124543144,RE_PV_Openfield_Lim_[MY]
MY,BN,,,27.46900286437811,0.0,RE_PV_Rooftop_Lim_[MY]
MY,BN,,,27.46900286437811,3.6738133770206582,RE_WIND_Onshore_Lim_0_[MY]
MY,BN,,,27.46900286437811,0.0,RE_WIND_Onshore_Lim_1_[MY]
MY,BN,,,27.46900286437811,0.0,RE_WIND_Onshore_Lim_2_[MY]
MY,BN,,,27.46900286437811,0.0,RE_WIND_Onshore_Lim_3_[MY]
MY,BN,,,27.46900286437811,0.0,RE_WIND_Onshore_Lim_4_[MY]
MY,BN,,,27.46900286437811,0.0,RE_WIND_Onshore_Lim_5_[MY]
MY,BN,,,27.46900286437811,0.0,RE_WIND_Onshore_Lim_6_[MY]
MY,BN,,,27.46900286437811,0.0,RE_WIND_Onshore_Lim_7_[MY]
MY,BN,,,27.46900286437811,0.0,RE_WIND_Onshore_Lim_8_[MY]
MY,BN,,,27.46900286437811,0.0,RE_WIND_Onshore_Lim_9_[MY]
MY,BN,,,27.46900286437811,0.0,RE_WIND_Offshore_Lim_0_[MY]
MY,BN,,,27.46900286437811,0.0,RE_WIND_Offshore_Lim_1_[MY]
MY,BN,,,27.46900286437811,0.0,RE_WIND_Offshore_Lim_2_[MY]
MY,BN,,,27.46900286437811,0.0,RE_WIND_Offshore_Lim_3_[MY]
MY,BN,,,27.46900286437811,0.0,RE_WIND_Offshore_Lim_4_[MY]
MY,BN,,,27.46900286437811,0.0,RE_WIND_Offshore_Lim_5_[MY]
MY,BN,,,27.46900286437811,0.0,RE_WIND_Offshore_Lim_6_[MY]
MY,BN,,,27.46900286437811,0.0,RE_WIND_Offshore_Lim_7_[MY]
MY,BN,,,27.46900286437811,0.0,RE_WIND_Offshore_Lim_8_[MY]
MY,BN,,,27.46900286437811,0.0,RE_WIND_Offshore_Lim_9_[MY]
MY,BN,,,27.46900286437811,0.16205090364351418,HYDRO_[MY]
MY,BN,,,27.46900286437811,1.2141106663497676,PP_CO2_[MY]
MY,BN,,,27.46900286437811,0.933279174589688,BESS_[MY]
MY,BN,,,27.46900286437811,0.13567568885802678,EL_to_HTH_[MY]
MY,BN,,,27.46900286437811,7.054814519766947e-07,EL_to_NH3_[MY]
MY,BN,,,27.46900286437811,6.878235330585778e-07,NH3_Storage_[MY]
MY,BN,,,27.46900286437811,4.181752412939745e-07,NH3_to_EL_[MY]
MY,BN,,,27.46900286437811,1.124700836938931e-07,NH3_to_HTH_[MY]
MY,BN,,,27.46900286437811,1.1693840092311694,FF_to_HTH_[MY]
MY,BN,,,27.46900286437811,0.0,EL_Demand_[MY]
MY,BN,,,27.46900286437811,0.0,HTH_Demand_[MY]
MY,BN,,,18.312668565769027,0.0854173510850737,RE_PV_Openfield_Lim_[BN]
MY,BN,,,18.312668565769027,0.008295011050039752,RE_PV_Rooftop_Lim_[BN]
MY,BN,,,18.312668565769027,0.01820368730191708,RE_WIND_Onshore_Lim_0_[BN]
MY,BN,,,18.312668565769027,0.0,RE_WIND_Onshore_Lim_1_[BN]
MY,BN,,,18.312668565769027,0.0,RE_WIND_Onshore_Lim_2_[BN]
MY,BN,,,18.312668565769027,0.0,RE_WIND_Onshore_Lim_3_[BN]
MY,BN,,,18.312668565769027,0.0,RE_WIND_Onshore_Lim_4_[BN]
MY,BN,,,18.312668565769027,0.0,RE_WIND_Onshore_Lim_5_[BN]
MY,BN,,,18.312668565769027,0.0,RE_WIND_Onshore_Lim_6_[BN]
MY,BN,,,18.312668565769027,0.0,RE_WIND_Onshore_Lim_7_[BN]
MY,BN,,,18.312668565769027,0.0,RE_WIND_Onshore_Lim_8_[BN]
MY,BN,,,18.312668565769027,0.0,RE_WIND_Onshore_Lim_9_[BN]
MY,BN,,,18.312668565769027,0.0,RE_WIND_Offshore_Lim_0_[BN]
MY,BN,,,18.312668565769027,0.0,RE_WIND_Offshore_Lim_1_[BN]
MY,BN,,,18.312668565769027,0.0,RE_WIND_Offshore_Lim_2_[BN]
MY,BN,,,18.312668565769027,0.0,RE_WIND_Offshore_Lim_3_[BN]
MY,BN,,,18.312668565769027,0.0,RE_WIND_Offshore_Lim_4_[BN]
MY,BN,,,18.312668565769027,0.0,RE_WIND_Offshore_Lim_5_[BN]
MY,BN,,,18.312668565769027,0.0,RE_WIND_Offshore_Lim_6_[BN]
MY,BN,,,18.312668565769027,0.0,RE_WIND_Offshore_Lim_7_[BN]
MY,BN,,,18.312668565769027,0.0,RE_WIND_Offshore_Lim_8_[BN]
MY,BN,,,18.312668565769027,0.0,RE_WIND_Offshore_Lim_9_[BN]
MY,BN,,,18.312668565769027,0.0,HYDRO_[BN]
MY,BN,,,18.312668565769027,0.0765367962275296,PP_CO2_[BN]
MY,BN,,,18.312668565769027,0.16725128540017514,BESS_[BN]
MY,BN,,,18.312668565769027,0.001322368170360839,EL_to_HTH_[BN]
MY,BN,,,18.312668565769027,4.170626164253286e-07,EL_to_NH3_[BN]
MY,BN,,,18.312668565769027,2.2779959991288146e-07,NH3_Storage_[BN]
MY,BN,,,18.312668565769027,7.220023197559057e-08,NH3_to_EL_[BN]
MY,BN,,,18.312668565769027,8.081015943669177e-08,NH3_to_HTH_[BN]
MY,BN,,,18.312668565769027,0.01565557666072937,FF_to_HTH_[BN]
MY,BN,,,18.312668565769027,0.0,EL_Demand_[BN]
MY,BN,,,18.312668565769027,0.0,HTH_Demand_[BN]
MY,BN,,,18.312668565769027,1.4409673407084165,RE_PV_Openfield_Lim_[MY]
MY,BN,,,18.312668565769027,0.0,RE_PV_Rooftop_Lim_[MY]
MY,BN,,,18.312668565769027,4.185685748886397,RE_WIND_Onshore_Lim_0_[MY]
MY,BN,,,18.312668565769027,0.0,RE_WIND_Onshore_Lim_1_[MY]
MY,BN,,,18.312668565769027,0.0,RE_WIND_Onshore_Lim_2_[MY]
MY,BN,,,18.312668565769027,0.0,RE_WIND_Onshore_Lim_3_[MY]
MY,BN,,,18.312668565769027,0.0,RE_WIND_Onshore_Lim_4_[MY]
MY,BN,,,18.312668565769027,0.0,RE_WIND_Onshore_Lim_5_[MY]
MY,BN,,,18.312668565769027,0.0,RE_WIND_Onshore_Lim_6_[MY]
MY,BN,,,18.312668565769027,0.0,RE_WIND_Onshore_Lim_7_[MY]
MY,BN,,,18.312668565769027,0.0,RE_WIND_Onshore_Lim_8_[MY]
MY,BN,,,18.312668565769027,0.0,RE_WIND_Onshore_Lim_9_[MY]
MY,BN,,,18.312668565769027,0.0,RE_WIND_Offshore_Lim_0_[MY]
MY,BN,,,18.312668565769027,0.0,RE_WIND_Offshore_Lim_1_[MY]
MY,BN,,,18.312668565769027,0.0,RE_WIND_Offshore_Lim_2_[MY]
MY,BN,,,18.312668565769027,0.0,RE_WIND_Offshore_Lim_3_[MY]
MY,BN,,,18.312668565769027,0.0,RE_WIND_Offshore_Lim_4_[MY]
MY,BN,,,18.312668565769027,0.0,RE_WIND_Offshore_Lim_5_[MY]
MY,BN,,,18.312668565769027,0.0,RE_WIND_Offshore_Lim_6_[MY]
MY,BN,,,18.312668565769027,0.0,RE_WIND_Offshore_Lim_7_[MY]
MY,BN,,,18.312668565769027,0.0,RE_WIND_Offshore_Lim_8_[MY]
MY,BN,,,18.312668565769027,0.0,RE_WIND_Offshore_Lim_9_[MY]
MY,BN,,,18.312668565769027,0.1620509036529442,HYDRO_[MY]
MY,BN,,,18.312668565769027,0.8102091452733639,PP_CO2_[MY]
MY,BN,,,18.312668565769027,1.495328102166442,BESS_[MY]
MY,BN,,,18.312668565769027,0.13892343949034472,EL_to_HTH_[MY]
MY,BN,,,18.312668565769027,1.6436764977833126e-06,EL_to_NH3_[MY]
MY,BN,,,18.312668565769027,1.307537626761868e-06,NH3_Storage_[MY]
MY,BN,,,18.312668565769027,4.849547151735201e-07,NH3_to_EL_[MY]
MY,BN,,,18.312668565769027,1.8204152678387294e-07,NH3_to_HTH_[MY]
MY,BN,,,18.312668565769027,0.907666745551986,FF_to_HTH_[MY]
MY,BN,,,18.312668565769027,0.0,EL_Demand_[MY]
MY,BN,,,18.312668565769027,0.0,HTH_Demand_[MY]
MY,BN,,,17.70352709954516,0.08541735054654621,RE_PV_Openfield_Lim_[BN]
MY,BN,,,17.70352709954516,0.008295010357750517,RE_PV_Rooftop_Lim_[BN]
MY,BN,,,17.70352709954516,0.018203668529593535,RE_WIND_Onshore_Lim_0_[BN]
MY,BN,,,17.70352709954516,0.0,RE_WIND_Onshore_Lim_1_[BN]
MY,BN,,,17.70352709954516,0.0,RE_WIND_Onshore_Lim_2_[BN]
MY,BN,,,17.70352709954516,0.0,RE_WIND_Onshore_Lim_3_[BN]
MY,BN,,,17.70352709954516,0.0,RE_WIND_Onshore_Lim_4_[BN]
MY,BN,,,17.70352709954516,0.0,RE_WIND_Onshore_Lim_5_[BN]
MY,BN,,,17.70352709954516,0.0,RE_WIND_Onshore_Lim_6_[BN]
MY,BN,,,17.70352709954516,0.0,RE_WIND_Onshore_Lim_7_[BN]
MY,BN,,,17.70352709954516,0.0,RE_WIND_Onshore_Lim_8_[BN]
MY,BN,,,17.70352709954516,0.0,RE_WIND_Onshore_Lim_9_[BN]
MY,BN,,,17.70352709954516,0.0,RE_WIND_Offshore_Lim_0_[BN]
MY,BN,,,17.70352709954516,0.0,RE_WIND_Offshore_Lim_1_[BN]
MY,BN,,,17.70352709954516,0.0,RE_WIND_Offshore_Lim_2_[BN]
MY,BN,,,17.70352709954516,0.0,RE_WIND_Offshore_Lim_3_[BN]
MY,BN,,,17.70352709954516,0.0,RE_WIND_Offshore_Lim_4_[BN]
MY,BN,,,17.70352709954516,0.0,RE_WIND_Offshore_Lim_5_[BN]
MY,BN,,,17.70352709954516,0.0,RE_WIND_Offshore_Lim_6_[BN]
MY,BN,,,17.70352709954516,0.0,RE_WIND_Offshore_Lim_7_[BN]
MY,BN,,,17.70352709954516,0.0,RE_WIND_Offshore_Lim_8_[BN]
MY,BN,,,17.70352709954516,0.0,RE_WIND_Offshore_Lim_9_[BN]
MY,BN,,,17.70352709954516,0.0,HYDRO_[BN]
MY,BN,,,17.70352709954516,0.07653683971921572,PP_CO2_[BN]
MY,BN,,,17.70352709954516,0.16725127376878182,BESS_[BN]
MY,BN,,,17.70352709954516,0.001322375133397224,EL_to_HTH_[BN]
MY,BN,,,17.70352709954516,2.1240543171185756e-07,EL_to_NH3_[BN]
MY,BN,,,17.70352709954516,1.1711041113757757e-07,NH3_Storage_[BN]
MY,BN,,,17.70352709954516,3.6204322764764986e-08,NH3_to_EL_[BN]
MY,BN,,,17.70352709954516,3.789766004010473e-08,NH3_to_HTH_[BN]
MY,BN,,,17.70352709954516,0.015655568944715658,FF_to_HTH_[BN]
MY,BN,,,17.70352709954516,0.0,EL_Demand_[BN]
MY,BN,,,17.70352709954516,0.0,HTH_Demand_[BN]
MY,BN,,,17.70352709954516,1.4451960578268268,RE_PV_Openfield_Lim_[MY]
MY,BN,,,17.70352709954516,0.0,RE_PV_Rooftop_Lim_[MY]
MY,BN,,,17.70352709954516,4.239413941890892,RE_WIND_Onshore_Lim_0_[MY]
MY,BN,,,17.70352709954516,0.0,RE_WIND_Onshore_Lim_1_[MY]
MY,BN,,,17.70352709954516,0.0,RE_WIND_Onshore_Lim_2_[MY]
MY,BN,,,17.70352709954516,0.0,RE_WIND_Onshore_Lim_3_[MY]
MY,BN,,,17.70352709954516,0.0,RE_WIND_Onshore_Lim_4_[MY]
MY,BN,,,17.70352709954516,0.0,RE_WIND_Onshore_Lim_5_[MY]
MY,BN,,,17.70352709954516,0.0,RE_WIND_Onshore_Lim_6_[MY]
MY,BN,,,17.70352709954516,0.0,RE_WIND_Onshore_Lim_7_[MY]
MY,BN,,,17.70352709954516,0.0,RE_WIND_Onshore_Lim_8_[MY]
MY,BN,,,17.70352709954516,0.0,RE_WIND_Onshore_Lim_9_[MY]
MY,BN,,,17.70352709954516,0.0,RE_WIND_Offshore_Lim_0_[MY]
MY,BN,,,17.70352709954516,0.0,RE_WIND_Offshore_Lim_1_[MY]
MY,BN,,,17.70352709954516,0.0,RE_WIND_Offshore_Lim_2_[MY]
MY,BN,,,17.70352709954516,0.0,RE_WIND_Offshore_Lim_3_[MY]
MY,BN,,,17.70352709954516,0.0,RE_WIND_Offshore_Lim_4_[MY]
MY,BN,,,17.70352709954516,0.0,RE_WIND_Offshore_Lim_5_[MY]
MY,BN,,,17.70352709954516,0.0,RE_WIND_Offshore_Lim_6_[MY]
MY,BN,,,17.70352709954516,0.0,RE_WIND_Offshore_Lim_7_[MY]
MY,BN,,,17.70352709954516,0.0,RE_WIND_Offshore_Lim_8_[MY]
MY,BN,,,17.70352709954516,0.0,RE_WIND_Offshore_Lim_9_[MY]
MY,BN,,,17.70352709954516,0.16205090366294425,HYDRO_[MY]
MY,BN,,,17.70352709954516,0.7848299003908131,PP_CO2_[MY]
MY,BN,,,17.70352709954516,1.536945030846246,BESS_[MY]
MY,BN,,,17.70352709954516,0.13892364901327303,EL_to_HTH_[MY]
MY,BN,,,17.70352709954516,8.037364368569385e-07,EL_to_NH3_[MY]
MY,BN,,,17.70352709954516,6.438217211797873e-07,NH3_Storage_[MY]
MY,BN,,,17.70352709954516,2.38745915565219e-07,NH3_to_EL_[MY]
MY,BN,,,17.70352709954516,9.01066771597942e-08,NH3_to_HTH_[MY]
MY,BN,,,17.70352709954516,0.884638841219833,FF_to_HTH_[MY]
MY,BN,,,17.70352709954516,0.0,EL_Demand_[MY]
MY,BN,,,17.70352709954516,0.0,HTH_Demand_[MY]
MY,BN,,,9.156334299426577,0.08541735091158142,RE_PV_Openfield_Lim_[BN]
MY,BN,,,9.156334299426577,0.008295010838697176,RE_PV_Rooftop_Lim_[BN]
MY,BN,,,9.156334299426577,0.01820367269984157,RE_WIND_Onshore_Lim_0_[BN]
MY,BN,,,9.156334299426577,0.0,RE_WIND_Onshore_Lim_1_[BN]
MY,BN,,,9.156334299426577,0.0,RE_WIND_Onshore_Lim_2_[BN]
MY,BN,,,9.156334299426577,2.334753812184346e-09,RE_WIND_Onshore_Lim_3_[BN]
MY,BN,,,9.156334299426577,0.0,RE_WIND_Onshore_Lim_4_[BN]
MY,BN,,,9.156334299426577,0.0,RE_WIND_Onshore_Lim_5_[BN]
MY,BN,,,9.156334299426577,0.0,RE_WIND_Onshore_Lim_6_[BN]
MY,BN,,,9.156334299426577,0.0,RE_WIND_Onshore_Lim_7_[BN]
MY,BN,,,9.156334299426577,0.0,RE_WIND_Onshore_Lim_8_[BN]
MY,BN,,,9.156334299426577,0.0,RE_WIND_Onshore_Lim_9_[BN]
MY,BN,,,9.156334299426577,0.03334982856323913,RE_WIND_Offshore_Lim_0_[BN]
MY,BN,,,9.156334299426577,0.0,RE_WIND_Offshore_Lim_1_[BN]
MY,BN,,,9.156334299426577,0.0,RE_WIND_Offshore_Lim_2_[BN]
MY,BN,,,9.156334299426577,0.0,RE_WIND_Offshore_Lim_3_[BN]
MY,BN,,,9.156334299426577,0.0,RE_WIND_Offshore_Lim_4_[BN]
MY,BN,,,9.156334299426577,0.0,RE_WIND_Offshore_Lim_5_[BN]
MY,BN,,,9.156334299426577,0.0,RE_WIND_Offshore_Lim_6_[BN]
MY,BN,,,9.156334299426577,0.0,RE_WIND_Offshore_Lim_7_[BN]
MY,BN,,,9.156334299426577,0.0,RE_WIND_Offshore_Lim_8_[BN]
MY,BN,,,9.156334299426577,0.0,RE_WIND_Offshore_Lim_9_[BN]
MY,BN,,,9.156334299426577,0.0,HYDRO_[BN]
MY,BN,,,9.156334299426577,0.06282177030313925,PP_CO2_[BN]
MY,BN,,,9.156334299426577,0.18369660666281787,BESS_[BN]
MY,BN,,,9.156334299426577,0.0013223889071434073,EL_to_HTH_[BN]
MY,BN,,,9.156334299426577,6.154168820612806e-07,EL_to_NH3_[BN]
MY,BN,,,9.156334299426577,3.123506042682349e-07,NH3_Storage_[BN]
MY,BN,,,9.156334299426577,8.200675815646102e-08,NH3_to_EL_[BN]
MY,BN,,,9.156334299426577,1.1270152194892263e-07,NH3_to_HTH_[BN]
MY,BN,,,9.156334299426577,0.016307770337878613,FF_to_HTH_[BN]
MY,BN,,,9.156334299426577,0.0,EL_Demand_[BN]
MY,BN,,,9.156334299426577,0.0,HTH_Demand_[BN]
MY,BN,,,9.156334299426577,1.9857205900777328,RE_PV_Openfield_Lim_[MY]
MY,BN,,,9.156334299426577,0.0,RE_PV_Rooftop_Lim_[MY]
MY,BN,,,9.156334299426577,3.8818882626802504,RE_WIND_Onshore_Lim_0_[MY]
MY,BN,,,9.156334299426577,0.0,RE_WIND_Onshore_Lim_1_[MY]
MY,BN,,,9.156334299426577,0.0,RE_WIND_Onshore_Lim_2_[MY]
MY,BN,,,9.156334299426577,0.0,RE_WIND_Onshore_Lim_3_[MY]
MY,BN,,,9.156334299426577,0.0,RE_WIND_Onshore_Lim_4_[MY]
MY,BN,,,9.156334299426577,0.0,RE_WIND_Onshore_Lim_5_[MY]
MY,BN,,,9.156334299426577,0.0,RE_WIND_Onshore_Lim_6_[MY]
MY,BN,,,9.156334299426577,0.0,RE_WIND_Onshore_Lim_7_[MY]
MY,BN,,,9.156334299426577,0.0,RE_WIND_Onshore_Lim_8_[MY]
MY,BN,,,9.156334299426577,0.0,RE_WIND_Onshore_Lim_9_[MY]
MY,BN,,,9.156334299426577,0.0,RE_WIND_Offshore_Lim_0_[MY]
MY,BN,,,9.156334299426577,0.0,RE_WIND_Offshore_Lim_1_[MY]
MY,BN,,,9.156334299426577,0.0,RE_WIND_Offshore_Lim_2_[MY]
MY,BN,,,9.156334299426577,0.0,RE_WIND_Offshore_Lim_3_[MY]
MY,BN,,,9.156334299426577,0.0,RE_WIND_Offshore_Lim_4_[MY]
MY,BN,,,9.156334299426577,0.0,RE_WIND_Offshore_Lim_5_[MY]
MY,BN,,,9.156334299426577,0.0,RE_WIND_Offshore_Lim_6_[MY]
MY,BN,,,9.156334299426577,0.0,RE_WIND_Offshore_Lim_7_[MY]
MY,BN,,,9.156334299426577,0.0,RE_WIND_Offshore_Lim_8_[MY]
MY,BN,,,9.156334299426577,0.0,RE_WIND_Offshore_Lim_9_[MY]
MY,BN,,,9.156334299426577,0.16205090365047548,HYDRO_[MY]
MY,BN,,,9.156334299426577,0.3270169154612867,PP_CO2_[MY]
MY,BN,,,9.156334299426577,2.920350342225741,BESS_[MY]
MY,BN,,,9.156334299426577,0.13957522765348396,EL_to_HTH_[MY]
MY,BN,,,9.156334299426577,0.0021530650017627063,EL_to_NH3_[MY]
MY,BN,,,9.156334299426577,0.0020247233848906107,NH3_Storage_[MY]
MY,BN,,,9.156334299426577,0.0005846448378136307,NH3_to_EL_[MY]
MY,BN,,,9.156334299426577,0.0003280601398424804,NH3_to_HTH_[MY]
MY,BN,,,9.156334299426577,0.6304915455698608,FF_to_HTH_[MY]
MY,BN,,,9.156334299426577,0.0,EL_Demand_[MY]
MY,BN,,,9.156334299426577,0.0,HTH_Demand_[MY]
